,Factor 1,Factor 2,Factor 3,Residual
co2,0.018500147394570034,0.8956122681791743,0.08590184831281036,-1.4263886554788385e-05
co,0.9997938527338811,0.0001751733920012092,3.066690529435706e-05,3.069688232493206e-07
no2,0.02126332641836366,0.2252670021219218,0.754211792648491,-0.00074212118877659
o3,0.053790581242596495,0.5964758208620223,0.2576372371801683,0.09209636071521288
pm1,0.02305133634163687,0.7063039173756746,0.2156291991722929,0.05501554711039569
pm25,0.019428658701172084,0.6946451460869578,0.22169622478746825,0.06422997042440182
pm10,0.019850462423018283,0.6754199127296654,0.2422219566405629,0.06250766820675346
